{
  "gaze_yaw0": -0.2888689278066158,
  "gaze_pitch0": -0.3823895525932312
}